District,School Number,School Name, Total Est. Allocation , July , August , September , October
ALACHUA DSB ,10950,THE ONE ROOM SCHOOL HOUSE PROJECT,"  140,999 ","  11,739 ","  11,739 ","  11,751 ","  11,752 "
ALACHUA DSB ,10951,"MICANOPY AREA COOPERATIVE SCHOOL, INC.","  110,761 ","  9,222 ","  9,221 ","  9,231 ","  9,232 "
ALACHUA DSB ,10953,CARING & SHARING LEARNING SCHOOL,"  129,517 ","  10,783 ","  10,783 ","  10,794 ","  10,795 "
ALACHUA DSB ,10955,"THE EINSTEIN SCHOOL, INC.","  83,680 ","  6,967 ","  6,967 ","  6,974 ","  6,975 "
ALACHUA DSB ,10956,EXPRESSIONS LEARNING ARTS ACADEMY,"  43,937 ","  3,658 ","  3,658 ","  3,662 ","  3,662 "
ALACHUA DSB ,10957,ALACHUA LEARNING ACADEMY ELEMENTARY,"  57,157 ","  4,759 ","  4,759 ","  4,763 ","  4,764 "
ALACHUA DSB ,10958,GENESIS PREPARATORY SCHOOL,"  43,931 ","  3,658 ","  3,657 ","  3,661 ","  3,662 "
ALACHUA DSB ,10961,MICANOPY ACADEMY,"  38,191 ","  3,180 ","  3,180 ","  3,183 ","  3,183 "
ALACHUA DSB ,10981,HEALTHY LEARNING ACADEMY CHARTER SCHOOL,"  51,209 ","  4,264 ","  4,263 ","  4,268 ","  4,268 "
ALACHUA DSB ,11003,NORTH CENTRAL FLORIDA PUBLIC CHARTER SCHOOL,"  129,963 ","  10,820 ","  10,820 ","  10,831 ","  10,832 "
ALACHUA DSB ,11011,ALACHUA LEARNING ACADEMY MIDDLE,"  27,154 ","  2,261 ","  2,261 ","  2,263 ","  2,263 "
ALACHUA DSB ,11012,BOULWARE SPRINGS CHARTER,"  103,165 ","  8,589 ","  8,589 ","  8,598 ","  8,599 "
ALACHUA DSB ,11013,RESILIENCE CHARTER SCHOOL INC,"  43,379 ","  3,612 ","  3,611 ","  3,615 ","  3,616 "
BAY DSB,30701,BAY HAVEN CHARTER ACADEMY,"  402,925 ","  33,546 ","  33,546 ","  33,580 ","  33,584 "
BAY DSB,30711,BAY HAVEN CHARTER MIDDLE SCHOOL,"  228,939 ","  19,061 ","  19,061 ","  19,080 ","  19,082 "
BAY DSB,30731,NORTH BAY HAVEN CHARTER ACADEMY MIDDLE SCHOOL,"  270,834 ","  22,549 ","  22,548 ","  22,571 ","  22,574 "
BAY DSB,30741,NORTH BAY HAVEN CAREER ACADEMY,"  423,453 ","  35,255 ","  35,255 ","  35,291 ","  35,295 "
BAY DSB,30751,NORTH BAY HAVEN CHARTER ACADEMY ELEMENTARY SCHOOL,"  357,431 ","  29,758 ","  29,758 ","  29,788 ","  29,792 "
BAY DSB,30771,PALM BAY PREPARATORY ACADEMY 6-12,"  168,265 ","  14,009 ","  14,009 ","  14,023 ","  14,025 "
BAY DSB,30781,CHAUTAUQUA CHARTER SCHOOL,"  36,851 ",  -   ,  -   ,  -   ,"  4,095 "
BAY DSB,30782,CENTRAL HIGH SCHOOL,"  84,094 ","  7,001 ","  7,001 ","  7,008 ","  7,009 "
BAY DSB,30801,PALM BAY ELEMENTARY SCHOOL,"  172,734 ","  14,381 ","  14,381 ","  14,396 ","  14,397 "
BAY DSB,32701,RISING LEADERS ACADEMY,"  100,014 ","  8,327 ","  8,327 ","  8,335 ","  8,336 "
BAY DSB,32711,UNIVERSITY ACADEMY SABL INC,"  326,734 ","  27,203 ","  27,202 ","  27,230 ","  27,233 "
BREVARD DSB,56501,PALM BAY ACADEMY CHARTER SCHOOL,"  349,074 ","  29,062 ","  29,062 ","  29,092 ","  29,095 "
BREVARD DSB,56507,ODYSSEY CHARTER SCHOOL,"  746,070 ","  62,115 ","  62,115 ","  62,177 ","  62,185 "
BREVARD DSB,56508,SCULPTOR CHARTER SCHOOL,"  284,617 ","  23,696 ","  23,696 ","  23,720 ","  23,723 "
BREVARD DSB,56509,ROYAL PALM CHARTER SCHOOL,"  174,011 ","  14,488 ","  14,487 ","  14,502 ","  14,504 "
BREVARD DSB,56511,EDUCATIONAL HORIZONS CHARTER,"  63,090 ","  5,253 ","  5,253 ","  5,258 ","  5,258 "
BREVARD DSB,56515,IMAGINE SCHOOLS AT WEST MELBOURNE,"  281,228 ","  23,414 ","  23,414 ","  23,438 ","  23,440 "
BREVARD DSB,56523,EMMA JEWEL CHARTER ACADEMY,"  227,231 ","  18,918 ","  18,918 ","  18,938 ","  18,940 "
BREVARD DSB,56540,VIERA CHARTER SCHOOL,"  545,102 ","  45,383 ","  45,383 ","  45,429 ","  45,434 "
BREVARD DSB,56541,ODYSSEY PREPARATORY CHARTER ACADEMY,"  264,619 ","  22,031 ","  22,031 ","  22,053 ","  22,056 "
BREVARD DSB,56543,PINEAPPLE COVE CLASSICAL ACADEMY,"  309,790 ","  25,792 ","  25,792 ","  25,818 ","  25,821 "
BREVARD DSB,56546,LEGACY ACADEMY CHARTER,"  116,844 ","  9,728 ","  9,728 ","  9,738 ","  9,739 "
BROWARD DSB,65001,BEN GAMLA CHARTER SCHOOL NORTH CAMPUS,"  68,805 ","  5,728 ","  5,728 ","  5,734 ","  5,735 "
BROWARD DSB,65002,SOMERSET ACADEMY VILLAGE CHARTER MIDDLE SCHOOL,"  99,370 ","  8,273 ","  8,273 ","  8,282 ","  8,282 "
BROWARD DSB,65003,SOMERSET PREPARATORY ACADEMY CHARTER SCHOOL AT NORTH LAUDERDALE,"  487,047 ","  40,550 ","  40,549 ","  40,590 ","  40,595 "
BROWARD DSB,65004,SOMERSET VILLAGE ACADEMY,"  157,595 ","  13,121 ","  13,121 ","  13,134 ","  13,135 "
BROWARD DSB,65006,SOMERSET PREPARATORY ACADEMY CHARTER HIGH AT NORTH LAUDERDALE,"  169,025 ","  14,072 ","  14,072 ","  14,087 ","  14,088 "
BROWARD DSB,65007,SOMERSET ACADEMY CHARTER HIGH SCHOOL MIRAMAR CAMPUS,"  184,581 ",  -   ,  -   ,  -   ,"  20,509 "
BROWARD DSB,65009,ANDREWS HIGH SCHOOL,"  193,774 ","  16,133 ","  16,133 ","  16,149 ","  16,151 "
BROWARD DSB,65010,FRANKLIN ACADEMY SUNRISE,"  726,188 ","  60,459 ","  60,459 ","  60,521 ","  60,528 "
BROWARD DSB,65012,FRANKLIN ACADEMY PEMBROKE PINES,"  734,179 ","  61,125 ","  61,125 ","  61,186 ","  61,194 "
BROWARD DSB,65014,RENAISSANCE CHARTER MIDDLE SCHOOL AT PINES,"  228,696 ","  19,040 ","  19,040 ","  19,060 ","  19,062 "
BROWARD DSB,65015,AVANT GARDE ACADEMY K-8 BROWARD,"  621,132 ","  51,713 ","  51,713 ","  51,765 ","  51,771 "
BROWARD DSB,65020,RENAISSANCE CHARTER SCHOOL AT CORAL SPRINGS,"  780,439 ","  64,976 ","  64,976 ","  65,042 ","  65,049 "
BROWARD DSB,65021,SOMERSET NEIGHBORHOOD SCHOOL,"  337,605 ","  28,108 ","  28,108 ","  28,136 ","  28,139 "
BROWARD DSB,65023,RENAISSANCE CHARTER SCHOOL AT PLANTATION,"  556,496 ","  46,332 ","  46,331 ","  46,378 ","  46,384 "
BROWARD DSB,65024,IMAGINE SCHOOLS AT BROWARD,"  435,209 ","  36,234 ","  36,234 ","  36,270 ","  36,275 "
BROWARD DSB,65028,ACADEMIC SOLUTIONS HIGH SCHOOL,"  113,871 ","  9,480 ","  9,480 ","  9,490 ","  9,491 "
BROWARD DSB,65029,ATLANTIC MONTESSORI CHARTER SCHOOL,"  68,588 ",  -   ,  -   ,  -   ,"  7,621 "
BROWARD DSB,65030,SOMERSET PINES ACADEMY,"  219,836 ","  18,303 ","  18,303 ","  18,321 ","  18,323 "
BROWARD DSB,65031,CHARTER SCHOOL OF EXCELLENCE,"  194,634 ","  16,204 ","  16,204 ","  16,221 ","  16,223 "
BROWARD DSB,65037,FRANKLIN ACADEMY COOPER CITY,"  691,814 ","  57,598 ","  57,598 ","  57,656 ","  57,662 "
BROWARD DSB,65038,BROWARD MATH AND SCIENCE SCHOOLS,"  161,588 ","  13,453 ","  13,453 ","  13,467 ","  13,468 "
BROWARD DSB,65041,CENTRAL CHARTER SCHOOL,"  748,272 ","  62,298 ","  62,298 ","  62,361 ","  62,368 "
BROWARD DSB,65044,IMAGINE SCHOOLS PLANTATION CAMPUS,"  187,180 ","  15,584 ","  15,584 ","  15,600 ","  15,601 "
BROWARD DSB,65046,FRANKLIN ACADEMY F,"  351,834 ","  29,292 ","  29,292 ","  29,322 ","  29,325 "
BROWARD DSB,65048,RENAISSANCE CHARTER SCHOOL AT UNIVERSITY,"  738,545 ","  61,488 ","  61,488 ","  61,550 ","  61,558 "
BROWARD DSB,65049,RENAISSANCE CHARTER SCHOOL AT COOPER CITY,"  617,025 ","  51,371 ","  51,371 ","  51,423 ","  51,429 "
BROWARD DSB,65051,PEMBROKE PINES CHARTER ELEMENTARY SCHOOL,"  992,083 ","  82,597 ","  82,597 ","  82,680 ","  82,690 "
BROWARD DSB,65052,WEST BROWARD ACADEMY,"  345,182 ","  28,738 ","  28,738 ","  28,768 ","  28,771 "
BROWARD DSB,65054,SOMERSET ACADEMY MIRAMAR SOUTH,"  109,665 ","  9,130 ","  9,130 ","  9,140 ","  9,141 "
BROWARD DSB,65060,SUNFIRE HIGH SCHOOL,"  179,530 ","  14,947 ","  14,947 ","  14,962 ","  14,964 "
BROWARD DSB,65081,CITY/PEMBROKE PINES CHARTER MIDDLE SCHOOL,"  685,944 ","  57,109 ","  57,109 ","  57,166 ","  57,173 "
BROWARD DSB,65091,CORAL SPRINGS CHARTER SCHOOL,"  856,671 ","  71,323 ","  71,323 ","  71,395 ","  71,403 "
BROWARD DSB,65111,IMAGINE CHARTER SCHOOL AT WESTON,"  483,900 ","  40,288 ","  40,287 ","  40,328 ","  40,333 "
BROWARD DSB,65116,BRIDGEPREP ACADEMY OF HOLLYWOOD HILLS,"  157,538 ","  13,116 ","  13,116 ","  13,129 ","  13,131 "
BROWARD DSB,65121,CITY/PEMBROKE PINES CHARTER HIGH SCHOOL,"  1,086,909 ","  90,492 ","  90,491 ","  90,583 ","  90,594 "
BROWARD DSB,65130,GREENTREE PREPARATORY CHARTER SCHOOL,"  81,916 ","  6,820 ","  6,820 ","  6,827 ","  6,828 "
BROWARD DSB,65141,SOMERSET ACADEMY,"  335,961 ","  27,971 ","  27,971 ","  27,999 ","  28,002 "
BROWARD DSB,65142,FRANKLIN ACADEMY PEMBROKE PINES HIGH SCHOOL,"  404,104 ","  33,644 ","  33,644 ","  33,678 ","  33,682 "
BROWARD DSB,65151,SOMERSET ACADEMY MIDDLE SCHOOL,"  462,472 ","  38,504 ","  38,503 ","  38,542 ","  38,547 "
BROWARD DSB,65161,NORTH BROWARD ACADEMY OF EXCELLENCE,"  353,102 ","  29,398 ","  29,398 ","  29,427 ","  29,431 "
BROWARD DSB,65164,ATLANTIC MONTESSORI CHARTER SCHOOL WEST CAMPUS,"  77,298 ","  6,436 ","  6,435 ","  6,442 ","  6,443 "
BROWARD DSB,65171,IMAGINE CHARTER SCHOOL AT NORTH LAUDERDALE ELEMENTARY,"  402,955 ","  33,548 ","  33,548 ","  33,582 ","  33,586 "
BROWARD DSB,65177,INNOVATION CHARTER SCHOOL,"  225,971 ","  18,813 ","  18,813 ","  18,832 ","  18,835 "
BROWARD DSB,65182,THE BEN GAMLA PREPARATORY ACADEMY,"  247,699 ","  20,622 ","  20,622 ","  20,643 ","  20,646 "
BROWARD DSB,65209,ASCEND CAREER ACADEMY,"  153,709 ","  12,797 ","  12,797 ","  12,810 ","  12,812 "
BROWARD DSB,65211,SOMERSET ACADEMY DAVIE CHARTER SCHOOL,"  77,582 ","  6,459 ","  6,459 ","  6,466 ","  6,466 "
BROWARD DSB,65215,CHAMPIONSHIP ACADEMY OF DISTINCTION MIDDLE SCHOOL,"  144,800 ","  12,056 ","  12,055 ","  12,068 ","  12,069 "
BROWARD DSB,65221,SOMERSET ACADEMY CHARTER HIGH,"  528,722 ","  44,019 ","  44,019 ","  44,064 ","  44,069 "
BROWARD DSB,65224,SOMERSET ACADEMY KEY CHARTER HIGH SCHOOL,"  115,059 ","  9,579 ","  9,579 ","  9,589 ","  9,590 "
BROWARD DSB,65233,ACADEMIC SOLUTIONS ACADEMY A,"  119,263 ","  9,929 ","  9,929 ","  9,939 ","  9,941 "
BROWARD DSB,65234,CHAMPIONSHIP ACADEMY OF DISTINCTION OF WEST BROWARD,"  153,840 ","  12,808 ","  12,808 ","  12,821 ","  12,823 "
BROWARD DSB,65238,BRIDGEPREP ACADEMY BROWARD COUNTY,"  199,476 ","  16,608 ","  16,608 ","  16,624 ","  16,626 "
BROWARD DSB,65271,CHARTER SCHOOL OF EXCELLENCE AT DAVIE,"  210,829 ","  17,553 ","  17,553 ","  17,570 ","  17,573 "
BROWARD DSB,65325,HOLLYWOOD ACADEMY OF ARTS & SCIENCE,"  573,021 ","  47,707 ","  47,707 ","  47,756 ","  47,761 "
BROWARD DSB,65355,EAGLES NEST CHARTER ACADEMY,"  236,955 ","  19,728 ","  19,728 ","  19,748 ","  19,750 "
BROWARD DSB,65356,EAGLES NEST MIDDLE CHARTER SCHOOL,"  35,584 ","  2,963 ","  2,963 ","  2,966 ","  2,966 "
BROWARD DSB,65361,CHAMPIONSHIP ACADEMY OF DISTINCTION AT HOLLYWOOD,"  265,757 ","  22,126 ","  22,126 ","  22,148 ","  22,151 "
BROWARD DSB,65362,HOLLYWOOD ACADEMY OF ARTS AND SCIENCE MIDDLE SCHOOL,"  231,019 ","  19,234 ","  19,234 ","  19,253 ","  19,255 "
BROWARD DSB,65371,NORTH BROWARD ACADEMY OF EXCELLENCE MIDDLE,"  181,671 ","  15,125 ","  15,125 ","  15,141 ","  15,142 "
BROWARD DSB,65381,PARAGON ACADEMY OF TECHNOLOGY,"  72,700 ","  6,053 ","  6,053 ","  6,059 ","  6,059 "
BROWARD DSB,65387,SOMERSET ACADEMY RIVERSIDE,"  66,891 ","  5,569 ","  5,569 ","  5,575 ","  5,575 "
BROWARD DSB,65388,SOMERSET ACADEMY POMPANO (K-5),"  87,273 ","  7,266 ","  7,266 ","  7,273 ","  7,274 "
BROWARD DSB,65391,SOMERSET ACADEMY EAST PREPARATORY,"  151,169 ","  12,586 ","  12,586 ","  12,598 ","  12,600 "
BROWARD DSB,65392,BEN GAMLA CHARTER SCHOOL SOUTH BROWARD,"  216,176 ","  17,998 ","  17,998 ","  18,016 ","  18,018 "
BROWARD DSB,65396,SOMERSET ARTS CONSERVATORY,"  84,637 ","  7,047 ","  7,046 ","  7,054 ","  7,054 "
BROWARD DSB,65400,SUNSHINE ELEMENTARY CHARTER SCHOOL,"  160,279 ","  13,344 ","  13,344 ","  13,358 ","  13,359 "
BROWARD DSB,65405,SOMERSET ACADEMY ELEMENTARY (MIRAMAR CAMPUS),"  267,906 ","  22,305 ","  22,305 ","  22,327 ","  22,330 "
BROWARD DSB,65406,SOMERSET ACADEMY MIDDLE (MIRAMAR CAMPUS),"  214,949 ","  17,896 ","  17,896 ","  17,914 ","  17,916 "
BROWARD DSB,65407,EVEREST CHARTER SCHOOL,"  64,212 ","  5,346 ","  5,346 ","  5,351 ","  5,352 "
BROWARD DSB,65410,BEN GAMLA CHARTER SCHOOL,"  272,054 ","  22,650 ","  22,650 ","  22,673 ","  22,676 "
BROWARD DSB,65413,SOMERSET ACADEMY KEY MIDDLE SCHOOL,"  219,143 ","  18,245 ","  18,245 ","  18,263 ","  18,266 "
BROWARD DSB,65416,INTERNATIONAL SCHOOL OF BROWARD,"  47,827 ",  -   ,  -   ,  -   ,"  5,314 "
BROWARD DSB,65419,SOMERSET ACADEMY RIVERSIDE CHARTER MIDDLE SCHOOL,"  21,775 ","  1,813 ","  1,813 ","  1,815 ","  1,815 "
BROWARD DSB,65420,RISE ACADEMY SCHOOL OF SCIENCE AND TECHNOLOGY,"  164,407 ","  13,688 ","  13,688 ","  13,702 ","  13,703 "
BROWARD DSB,65421,ALPHA INTERNATIONAL ACADEMY,"  58,839 ","  4,899 ","  4,899 ","  4,904 ","  4,904 "
BROWARD DSB,65422,CHAMPIONSHIP ACADEMY OF DISTINCTION AT DAVIE,"  281,023 ","  23,397 ","  23,397 ","  23,420 ","  23,423 "
BROWARD DSB,65441,SOMERSET PREPARATORY CHARTER MIDDLE SCHOOL,"  225,240 ","  18,753 ","  18,753 ","  18,771 ","  18,774 "
BROWARD DSB,65481,SUNRISE HIGH SCHOOL,"  272,248 ","  22,666 ","  22,666 ","  22,689 ","  22,692 "
BROWARD DSB,65710,RENAISSANCE CHARTER SCHOOLS AT PINES,"  491,389 ","  40,911 ","  40,911 ","  40,952 ","  40,957 "
BROWARD DSB,65717,SOUTH BROWARD MONTESSORI CHARTER SCHOOL,"  79,847 ","  6,648 ","  6,648 ","  6,654 ","  6,655 "
BROWARD DSB,65791,AVANT GARDE ACADEMY OF BROWARD,"  293,927 ","  24,471 ","  24,471 ","  24,496 ","  24,499 "
BROWARD DSB,65801,PANACEA PREP CHARTER SCHOOL,"  75,119 ","  6,254 ","  6,254 ","  6,260 ","  6,261 "
BROWARD DSB,65852,NEW LIFE CHARTER ACADEMY,"  78,198 ","  6,510 ","  6,510 ","  6,517 ","  6,518 "
BROWARD DSB,65861,SUNED HIGH SCHOOL OF NORTH BROWARD,"  207,997 ","  17,317 ","  17,317 ","  17,335 ","  17,336 "
CHARLOTTE DSB,80502,FLORIDA SOUTHWESTERN COLLEGIATE HIGH SCHOOL,"  179,680 ","  14,959 ","  14,959 ","  14,975 ","  14,976 "
CHARLOTTE DSB,80503,BABCOCK NEIGHBORHOOD SCHOOL,"  175,413 ","  14,604 ","  14,604 ","  14,619 ","  14,621 "
CITRUS DSB,90215,ACADEMY OF ENVIRONMENTAL SCIENCE,"  61,797 ","  5,145 ","  5,145 ","  5,150 ","  5,151 "
CLAY DSB,100664,CLAY CHARTER ACADEMY,"  300,310 ","  25,003 ","  25,002 ","  25,028 ","  25,031 "
CLAY DSB,100667,ST JOHNS CLASSICAL ACADEMY,"  301,308 ","  25,086 ","  25,086 ","  25,111 ","  25,114 "
COLLIER DSB,119021,IMMOKALEE COMMUNITY SCHOOL,"  157,789 ","  13,137 ","  13,137 ","  13,150 ","  13,152 "
COLLIER DSB,119032,MARCO ISLAND ACADEMY,"  110,177 ","  9,173 ","  9,173 ","  9,182 ","  9,183 "
COLLIER DSB,119034,GULF COAST CHARTER ACADEMY SOUTH,"  415,057 ","  34,556 ","  34,556 ","  34,591 ","  34,595 "
COLLIER DSB,119035,MASON CLASSICAL ACADEMY,"  454,222 ","  37,817 ","  37,817 ","  37,855 ","  37,859 "
COLLIER DSB,119036,COLLIER CHARTER ACADEMY,"  310,364 ","  25,840 ","  25,840 ","  25,866 ","  25,869 "
COLUMBIA DSB,120402,BELMONT ACADEMY,"  252,829 ","  21,050 ","  21,049 ","  21,071 ","  21,073 "
DADE DSB,130070,CORAL REEF MONTESSORI ACADEMY CHARTER,"  263,520 ","  21,940 ","  21,940 ","  21,962 ","  21,964 "
DADE DSB,130072,SUMMERVILLE ADVANTAGE ACADEMY,"  356,813 ","  29,707 ","  29,707 ","  29,737 ","  29,740 "
DADE DSB,130100,MATER ACADEMY,"  747,580 ","  62,240 ","  62,240 ","  62,303 ","  62,311 "
DADE DSB,130102,MIAMI COMMUNITY CHARTER SCHOOL,"  342,596 ","  28,523 ","  28,523 ","  28,552 ","  28,555 "
DADE DSB,130312,MATER GARDENS ACADEMY,"  313,199 ","  26,076 ","  26,076 ","  26,102 ","  26,105 "
DADE DSB,130332,SOMERSET ACADEMY (SILVER PALMS),"  911,946 ","  75,925 ","  75,925 ","  76,001 ","  76,011 "
DADE DSB,130339,SOMERSET ACADEMY CHARTER ELEMENTARY SCHOOL (SOUTH HOMESTEAD),"  276,957 ","  23,058 ","  23,058 ","  23,082 ","  23,084 "
DADE DSB,130342,PINECREST ACADEMY (SOUTH CAMPUS),"  388,107 ","  32,312 ","  32,312 ","  32,345 ","  32,349 "
DADE DSB,130400,RENAISSANCE ELEMENTARY CHARTER SCHOOL,"  471,150 ","  39,226 ","  39,226 ","  39,266 ","  39,270 "
DADE DSB,130410,ACADEMIR CHARTER SCHOOL WEST,"  320,171 ","  26,656 ","  26,656 ","  26,683 ","  26,686 "
DADE DSB,130510,ARCHIMEDEAN ACADEMY,"  328,436 ","  27,344 ","  27,344 ","  27,372 ","  27,375 "
DADE DSB,130520,SOMERSET ACADEMY CHARTER,"  361,486 ","  30,096 ","  30,096 ","  30,126 ","  30,130 "
DADE DSB,130600,PINECREST PREPARATORY ACADEMY,"  300,429 ","  25,012 ","  25,012 ","  25,038 ","  25,041 "
DADE DSB,130950,AVENTURA CITY OF EXCELLENCE SCHOOL,"  529,265 ","  44,064 ","  44,064 ","  44,109 ","  44,114 "
DADE DSB,131000,TRUE NORTH CLASSICAL ACADEMY,"  172,418 ","  14,355 ","  14,355 ","  14,369 ","  14,371 "
DADE DSB,131010,THE CHARTER SCHOOL AT WATERSTONE,"  477,848 ","  39,784 ","  39,784 ","  39,824 ","  39,828 "
DADE DSB,131014,HIGHLY INQUISITIVE AND VERSATILE EDUCATION (HIVE) PREPARATORY SCHOOL,"  378,688 ","  31,528 ","  31,528 ","  31,560 ","  31,564 "
DADE DSB,131015,ACADEMIR CHARTER SCHOOL PREPARATORY,"  548,188 ","  45,640 ","  45,640 ","  45,686 ","  45,691 "
DADE DSB,131017,MATER ACADEMY OF INTERNATIONAL STUDIES,"  336,376 ","  28,005 ","  28,005 ","  28,034 ","  28,037 "
DADE DSB,131020,YOUTH CO-OP CHARTER SCHOOL,"  611,967 ","  50,950 ","  50,950 ","  51,001 ","  51,007 "
DADE DSB,132002,ACADEMIR PREPARATORY ACADEMY,"  286,698 ","  23,869 ","  23,869 ","  23,893 ","  23,896 "
DADE DSB,132003,BRIDGEPREP ACADEMY SOUTH,"  327,308 ","  27,250 ","  27,250 ","  27,278 ","  27,281 "
DADE DSB,132004,ISAAC: INTEGRATED SCIENCE AND ASIAN CULTURE ACADEMY,"  112,194 ","  9,341 ","  9,341 ","  9,350 ","  9,351 "
DADE DSB,132007,SOMERSET ACADEMY ELEMENTARY SCHOOL SOUTH MIAMI CAMPUS,"  208,954 ","  17,397 ","  17,397 ","  17,414 ","  17,416 "
DADE DSB,132012,SOMERSET ARTS ACADEMY,"  208,670 ","  17,373 ","  17,373 ","  17,391 ","  17,393 "
DADE DSB,132013,BRIDGEPREP ACADEMY OF GREATER MIAMI,"  239,522 ","  19,942 ","  19,942 ","  19,962 ","  19,964 "
DADE DSB,132031,PINECREST GLADES ACADEMY,"  378,047 ","  31,475 ","  31,475 ","  31,506 ","  31,510 "
DADE DSB,132060,THEODORE R. AND THELMA A. GIBSON CHARTER SCHOOL,"  96,732 ","  8,054 ","  8,053 ","  8,062 ","  8,063 "
DADE DSB,133000,MATER INTERNATIONAL ACADEMY,"  110,244 ","  9,179 ","  9,178 ","  9,188 ","  9,189 "
DADE DSB,133002,DOWNTOWN DORAL CHARTER ELEMENTARY SCHOOL,"  491,513 ","  40,921 ","  40,921 ","  40,963 ","  40,968 "
DADE DSB,133026,DORAL INTERNATIONAL ACADEMY OF MATH AND SCIENCE,"  457,641 ","  38,101 ","  38,101 ","  38,140 ","  38,144 "
DADE DSB,133027,ADVANTAGE ACADEMY OF MATH AND SCIENCE AT WATERSTONE,"  95,617 ",  -   ,  -   ,  -   ,"  10,624 "
DADE DSB,133029,DORAL ACADEMY OF TECHNOLOGY,"  154,947 ","  12,900 ","  12,900 ","  12,913 ","  12,915 "
DADE DSB,133030,DORAL ACADEMY,"  533,211 ","  44,393 ","  44,393 ","  44,438 ","  44,443 "
DADE DSB,133032,PALM GLADES PREPARATORY ACADEMY,"  230,412 ","  19,183 ","  19,183 ","  19,203 ","  19,205 "
DADE DSB,133033,SOMERSET OAKS ACADEMY,"  298,655 ","  24,865 ","  24,865 ","  24,890 ","  24,893 "
DADE DSB,133034,BRIDGEPREP ACADEMY OF VILLAGE GREEN,"  360,286 ","  29,996 ","  29,996 ","  30,026 ","  30,030 "
DADE DSB,133100,MATER ACADEMY EAST CHARTER,"  310,354 ","  25,839 ","  25,839 ","  25,865 ","  25,868 "
DADE DSB,133600,DOWNTOWN MIAMI CHARTER SCHOOL,"  394,880 ","  32,876 ","  32,876 ","  32,909 ","  32,913 "
DADE DSB,133610,KEYS GATE CHARTER SCHOOL,"  1,274,097 ","  106,076 ","  106,076 ","  106,183 ","  106,196 "
DADE DSB,134000,MIAMI CHILDREN'S MUSEUM CHARTER SCHOOL,"  151,719 ","  12,632 ","  12,631 ","  12,644 ","  12,646 "
DADE DSB,134002,BEACON COLLEGE PREPARATORY,"  269,158 ","  22,409 ","  22,409 ","  22,432 ","  22,434 "
DADE DSB,134010,MATER ACADEMY BAY ELEMENTARY,"  334,125 ","  27,818 ","  27,818 ","  27,846 ","  27,849 "
DADE DSB,134012,SOMERSET ACADEMY AT SILVER PALMS,"  122,605 ","  10,208 ","  10,208 ","  10,218 ","  10,219 "
DADE DSB,134070,EARLY BEGINNINGS ACADEMY,"  73,671 ",  -   ,  -   ,  -   ,"  8,186 "
DADE DSB,135002,SOMERSET PREPARATORY ACADEMY SUNSET,"  168,286 ","  14,011 ","  14,011 ","  14,025 ","  14,027 "
DADE DSB,135006,EVERGLADES PREPARATORY ACADEMY,"  308,925 ","  25,720 ","  25,720 ","  25,746 ","  25,749 "
DADE DSB,135007,LINCOLN-MARTI CHARTER SCHOOL HIALEAH CAMPUS,"  197,071 ","  16,407 ","  16,407 ","  16,424 ","  16,426 "
DADE DSB,135008,SOMERSET GABLES ACADEMY,"  243,587 ","  20,280 ","  20,280 ","  20,301 ","  20,303 "
DADE DSB,135020,BRIDGEPREP ACADEMY INTERAMERICAN CAMPUS,"  102,525 ","  8,536 ","  8,536 ","  8,544 ","  8,545 "
DADE DSB,135022,BEN GAMLA CHARTER SCHOOL,"  130,033 ","  10,826 ","  10,826 ","  10,837 ","  10,838 "
DADE DSB,135025,LINCOLN-MARTI CHARTER SCHOOL LITTLE HAVANA CAMPUS,"  500,992 ","  41,711 ","  41,711 ","  41,753 ","  41,757 "
DADE DSB,135029,EXCELSIOR LANGUAGE ACADEMY OF HIALEAH,"  136,519 ","  11,366 ","  11,366 ","  11,377 ","  11,379 "
DADE DSB,135032,EXCELSIOR CHARTER ACADEMY,"  298,859 ","  24,882 ","  24,882 ","  24,907 ","  24,910 "
DADE DSB,135043,LINCOLN-MARTI SCHOOLS INTERNATIONAL CAMPUS,"  206,161 ","  17,164 ","  17,164 ","  17,182 ","  17,183 "
DADE DSB,135045,MATER GROVE ACADEMY,"  450,234 ","  37,485 ","  37,485 ","  37,522 ","  37,527 "
DADE DSB,135047,MATER ACADEMY MIAMI BEACH,"  292,422 ","  24,346 ","  24,346 ","  24,370 ","  24,373 "
DADE DSB,135048,PINECREST ACADEMY (NORTH CAMPUS),"  253,233 ","  21,083 ","  21,083 ","  21,104 ","  21,107 "
DADE DSB,135049,PINECREST COVE ACADEMY,"  490,096 ","  40,803 ","  40,803 ","  40,845 ","  40,849 "
DADE DSB,135054,MATER ACADEMY AT MOUNT SINAI,"  78,875 ","  6,567 ","  6,567 ","  6,573 ","  6,574 "
DADE DSB,135062,SOMERSET ACADEMY BAY,"  142,756 ","  11,885 ","  11,885 ","  11,897 ","  11,899 "
DADE DSB,135384,IMATER ACADEMY,"  431,460 ","  35,922 ","  35,921 ","  35,958 ","  35,962 "
DADE DSB,135410,ALPHA CHARTER OF EXCELLENCE,"  202,315 ","  16,844 ","  16,844 ","  16,861 ","  16,863 "
DADE DSB,136004,SOMERSET ACADEMY CHARTER MIDDLE SCHOOL,"  140,423 ","  11,691 ","  11,691 ","  11,703 ","  11,704 "
DADE DSB,136006,ARCHIMEDEAN MIDDLE CONSERVATORY,"  169,465 ","  14,109 ","  14,109 ","  14,123 ","  14,125 "
DADE DSB,136009,MATER EAST ACADEMY MIDDLE SCHOOL,"  88,928 ","  7,404 ","  7,404 ","  7,411 ","  7,412 "
DADE DSB,136012,MATER ACADEMY CHARTER MIDDLE,"  861,581 ","  71,732 ","  71,732 ","  71,804 ","  71,813 "
DADE DSB,136013,SOMERSET ACADEMY CHARTER MIDDLE SCHOOL (SOUTH HOMESTEAD),"  382,137 ","  31,815 ","  31,815 ","  31,847 ","  31,851 "
DADE DSB,136014,IMATER ACADEMY MIDDLE SCHOOL,"  536,822 ","  44,694 ","  44,694 ","  44,739 ","  44,744 "
DADE DSB,136015,SPORTS LEADERSHIP AND MANAGEMENT (SLAM) CHARTER MIDDLE SCHOOL,"  443,827 ","  36,951 ","  36,951 ","  36,989 ","  36,993 "
DADE DSB,136022,PINECREST ACADEMY CHARTER MIDDLE SCHOOL,"  267,136 ","  22,241 ","  22,241 ","  22,263 ","  22,266 "
DADE DSB,136024,SPORTS LEADERSHIP AND MANAGEMENT (SLAM) MIDDLE SCHOOL - NORTH CAMPUS,"  172,736 ","  14,381 ","  14,381 ","  14,396 ","  14,398 "
DADE DSB,136028,RENAISSANCE MIDDLE CHARTER SCHOOL,"  232,762 ","  19,379 ","  19,379 ","  19,398 ","  19,401 "
DADE DSB,136030,DORAL ACADEMY CHARTER MIDDLE SCHOOL,"  752,618 ","  62,660 ","  62,660 ","  62,723 ","  62,731 "
DADE DSB,136032,MATER ACADEMY BAY MIDDLE SCHOOL,"  109,960 ","  9,155 ","  9,155 ","  9,164 ","  9,165 "
DADE DSB,136033,MATER ACADEMY LAKES MIDDLE SCHOOL,"  441,354 ","  36,745 ","  36,745 ","  36,782 ","  36,787 "
DADE DSB,136040,DOCTORS CHARTER SCHOOL OF MIAMI SHORES,"  300,273 ","  25,000 ","  24,999 ","  25,025 ","  25,028 "
DADE DSB,136045,INTERNATIONAL STUDIES CHARTER MIDDLE SCHOOL,"  166,124 ","  13,831 ","  13,831 ","  13,845 ","  13,846 "
DADE DSB,136047,MATER INTERNATIONAL PREPARATORY,"  104,930 ","  8,736 ","  8,736 ","  8,745 ","  8,746 "
DADE DSB,136048,MIAMI COMMUNITY CHARTER MIDDLE SCHOOL,"  188,589 ","  15,701 ","  15,701 ","  15,717 ","  15,719 "
DADE DSB,136053,SOMERSET ACADEMY CHARTER MIDDLE SCHOOL SOUTH MIAMI CAMPUS,"  102,765 ","  8,556 ","  8,556 ","  8,564 ","  8,565 "
DADE DSB,136082,ACADEMIR CHARTER SCHOOL MIDDLE,"  184,630 ","  15,372 ","  15,371 ","  15,387 ","  15,389 "
DADE DSB,136083,JUST ARTS AND MANAGEMENT CHARTER MIDDLE SCHOOL,"  119,047 ","  9,911 ","  9,911 ","  9,921 ","  9,923 "
DADE DSB,136128,SOMERSET ACADEMY BAY MIDDLE SCHOOL,"  46,513 ","  3,873 ","  3,872 ","  3,876 ","  3,877 "
DADE DSB,137007,INTERNATIONAL STUDIES CHARTER HIGH SCHOOL,"  205,965 ","  17,148 ","  17,148 ","  17,165 ","  17,167 "
DADE DSB,137009,DORAL PERFORMING ARTS & ENTERTAINMENT ACADEMY,"  207,460 ","  17,272 ","  17,272 ","  17,290 ","  17,292 "
DADE DSB,137014,MATER PERFORMING ARTS & ENTERTAINMENT ACADEMY,"  213,687 ","  17,791 ","  17,791 ","  17,809 ","  17,811 "
DADE DSB,137015,STELLAR LEADERSHIP ACADEMY,"  154,926 ","  12,899 ","  12,898 ","  12,912 ","  12,913 "
DADE DSB,137016,SPORTS LEADERSHIP OF MIAMI CHARTER HIGH SCHOOL,"  452,530 ","  37,676 ","  37,676 ","  37,714 ","  37,718 "
DADE DSB,137018,MATER ACADEMY LAKES HIGH SCHOOL,"  654,487 ","  54,490 ","  54,490 ","  54,545 ","  54,551 "
DADE DSB,137020,DORAL ACADEMY CHARTER HIGH SCHOOL,"  930,395 ","  77,461 ","  77,461 ","  77,539 ","  77,548 "
DADE DSB,137027,PINECREST GLADES PREPARATORY ACADEMY MIDDLE HIGH SCHOOL,"  260,686 ","  21,704 ","  21,704 ","  21,725 ","  21,728 "
DADE DSB,137032,PALM GLADES PREPARATORY ACADEMY HIGH SCHOOL,"  198,569 ","  16,532 ","  16,532 ","  16,549 ","  16,551 "
DADE DSB,137034,SOMERSET ACADEMY CHARTER HIGH SCHOOL (SOUTH HOMESTEAD),"  262,686 ","  21,870 ","  21,870 ","  21,892 ","  21,895 "
DADE DSB,137037,MATER ACADEMY EAST CHARTER HIGH SCHOOL,"  129,859 ","  10,812 ","  10,812 ","  10,822 ","  10,824 "
DADE DSB,137042,SOMERSET ACADEMY CHARTER HIGH SCHOOL,"  278,928 ","  23,222 ","  23,222 ","  23,246 ","  23,249 "
DADE DSB,137050,KEYS GATE CHARTER HIGH SCHOOL,"  425,382 ","  35,416 ","  35,416 ","  35,451 ","  35,455 "
DADE DSB,137053,PINECREST PREPARATORY ACADEMY CHARTER HIGH SCHOOL,"  252,333 ","  21,008 ","  21,008 ","  21,029 ","  21,032 "
DADE DSB,137058,MIAMI COMMUNITY CHARTER HIGH SCHOOL,"  133,687 ","  11,130 ","  11,130 ","  11,142 ","  11,143 "
DADE DSB,137059,MIAMI ARTS CHARTER,"  828,292 ","  68,960 ","  68,960 ","  69,030 ","  69,038 "
DADE DSB,137060,EVERGLADES PREPARATORY ACADEMY HIGH SCHOOL,"  327,952 ","  27,304 ","  27,304 ","  27,331 ","  27,335 "
DADE DSB,137062,C. G. BETHEL HIGH SCHOOL,"  222,914 ","  18,559 ","  18,559 ","  18,578 ","  18,580 "
DADE DSB,137065,CHAMBERS HIGH SCHOOL,"  265,279 ","  22,086 ","  22,086 ","  22,108 ","  22,111 "
DADE DSB,137066,LATIN BUILDERS ASSOCIATION CONSTRUCTION AND BUSINESS MANAGEMENT ACADEMY,"  82,987 ","  6,909 ","  6,909 ","  6,916 ","  6,917 "
DADE DSB,137067,GREEN SPRINGS HIGH SCHOOL,"  271,118 ","  22,572 ","  22,572 ","  22,595 ","  22,598 "
DADE DSB,137068,NORTH GARDENS HIGH SCHOOL,"  168,069 ","  13,993 ","  13,993 ","  14,007 ","  14,008 "
DADE DSB,137069,NORTH PARK HIGH SCHOOL,"  227,476 ","  18,939 ","  18,939 ","  18,958 ","  18,960 "
DADE DSB,137070,YOUTH CO-OP PREPARATORY HIGH SCHOOL,"  143,895 ","  11,980 ","  11,980 ","  11,992 ","  11,994 "
DADE DSB,137080,CHARTER HIGH SCHOOL OF THE AMERICAS,"  100,844 ","  8,396 ","  8,396 ","  8,404 ","  8,405 "
DADE DSB,137090,IMATER PREPARATORY ACADEMY HIGH SCHOOL,"  594,518 ","  49,497 ","  49,497 ","  49,547 ","  49,553 "
DADE DSB,137160,MATER ACADEMY CHARTER HIGH,"  1,079,651 ","  89,887 ","  89,887 ","  89,978 ","  89,989 "
DADE DSB,137262,CITY OF HIALEAH EDUCATION ACADEMY,"  595,507 ","  49,579 ","  49,579 ","  49,630 ","  49,635 "
DADE DSB,137265,ARCHIMEDEAN UPPER CONSERVATORY,"  163,827 ","  13,640 ","  13,640 ","  13,653 ","  13,655 "
DIXIE DSB,150043,KINDER CUB SCHOOL INC,"  66,620 ",  -   ,  -   ,  -   ,"  7,402 "
DUVAL DSB,161021,SCHOOL OF SUCCESS ACADEMY-SOS,"  110,768 ","  9,222 ","  9,222 ","  9,231 ","  9,233 "
DUVAL DSB,161131,WAYMAN ACADEMY OF THE ARTS,"  179,732 ","  14,964 ","  14,964 ","  14,979 ","  14,981 "
DUVAL DSB,161201,RIVER CITY SCIENCE ACADEMY,"  445,854 ","  37,120 ","  37,120 ","  37,157 ","  37,162 "
DUVAL DSB,161211,TIGER ACADEMY,"  150,212 ","  12,506 ","  12,506 ","  12,519 ","  12,520 "
DUVAL DSB,161221,GLOBAL OUTREACH CHARTER ACADEMY,"  527,047 ","  43,880 ","  43,880 ","  43,924 ","  43,929 "
DUVAL DSB,161231,DUVAL CHARTER SCHOLARS ACADEMY,"  366,769 ","  30,536 ","  30,536 ","  30,566 ","  30,570 "
DUVAL DSB,161251,"SOMERSET ACADEMY-ELEMENTARY, EAGLE CAMPUS","  32,584 ","  2,713 ","  2,713 ","  2,716 ","  2,716 "
DUVAL DSB,161261,"SOMERSET ACADEMY-MIDDLE, EAGLE CAMPUS","  80,840 ","  6,730 ","  6,730 ","  6,737 ","  6,738 "
DUVAL DSB,161271,KIPP VOICE / KIPP IMPACT K-8,"  758,571 ","  63,156 ","  63,155 ","  63,219 ","  63,227 "
DUVAL DSB,161291,RIVER CITY SCIENCE ELEMENTARY ACADEMY,"  260,774 ","  21,711 ","  21,711 ","  21,733 ","  21,735 "
DUVAL DSB,161311,DUVAL CHARTER HIGH SCHOOL AT BAYMEADOWS,"  267,917 ","  22,306 ","  22,306 ","  22,328 ","  22,331 "
DUVAL DSB,161321,DUVAL CHARTER AT BAYMEADOWS,"  684,760 ","  57,010 ","  57,010 ","  57,068 ","  57,075 "
DUVAL DSB,161331,WAVERLY ACADEMY,"  63,837 ","  5,315 ","  5,315 ","  5,320 ","  5,321 "
DUVAL DSB,161371,SEACOAST CHARTER ACADEMY,"  232,100 ","  19,324 ","  19,324 ","  19,343 ","  19,345 "
DUVAL DSB,165381,SAN JOSE PREPARATORY HIGH SCHOOL,"  115,406 ","  9,608 ","  9,608 ","  9,618 ","  9,619 "
DUVAL DSB,165391,SAN JOSE ACADEMY,"  72,733 ","  6,056 ","  6,055 ","  6,062 ","  6,062 "
DUVAL DSB,165401,SEASIDE COMMUNITY CHARTER SCHOOL,"  118,261 ","  9,846 ","  9,846 ","  9,856 ","  9,857 "
DUVAL DSB,165411,DUVAL CHARTER SCHOOL AT WESTSIDE,"  507,666 ","  42,266 ","  42,266 ","  42,309 ","  42,314 "
DUVAL DSB,165441,RIVER CITY SCIENCE ACADEMY INNOVATION SCHOOL,"  308,414 ","  25,677 ","  25,677 ","  25,703 ","  25,706 "
DUVAL DSB,165511,DUVAL CHARTER SCHOOL AT MANDARIN,"  463,661 ","  38,603 ","  38,602 ","  38,641 ","  38,646 "
DUVAL DSB,165551,DUVAL CHARTER SCHOOL AT SOUTHSIDE,"  471,497 ","  39,255 ","  39,255 ","  39,294 ","  39,299 "
DUVAL DSB,165591,DUVAL CHARTER SCHOOL AT FLAGLER CENTER,"  449,826 ","  37,451 ","  37,451 ","  37,488 ","  37,493 "
DUVAL DSB,165601,RIVER CITY SCIENCE ACADEMY AT MANDARIN,"  429,535 ","  35,761 ","  35,761 ","  35,798 ","  35,802 "
DUVAL DSB,165611,BRIDGEPREP ACADEMY DUVAL COUNTY,"  297,857 ","  24,798 ","  24,798 ","  24,823 ","  24,826 "
DUVAL DSB,165621,DUVAL CHARTER SCHOOL AT COASTAL,"  454,284 ","  37,822 ","  37,822 ","  37,860 ","  37,864 "
DUVAL DSB,165631,SEASIDE CHARTER K-8 SCHOOL,"  240,137 ","  19,993 ","  19,993 ","  20,013 ","  20,015 "
ESCAMBIA DSB,172093,BEULAH ACADEMY OF SCIENCE,"  150,013 ","  12,489 ","  12,489 ","  12,502 ","  12,504 "
ESCAMBIA DSB,172104,JACKIE HARRIS PREPARATORY ACADEMY,"  150,813 ","  12,556 ","  12,556 ","  12,569 ","  12,570 "
ESCAMBIA DSB,172108,"PENSACOLA BEACH ELEMENTARY SCHOOL, INC","  74,329 ","  6,188 ","  6,188 ","  6,195 ","  6,195 "
ESCAMBIA DSB,172121,CAPSTONE ACADEMY,"  24,128 ",  -   ,  -   ,  -   ,"  2,681 "
FLAGLER DSB,180061,IMAGINE SCHOOL AT TOWN CENTER,"  454,662 ","  37,853 ","  37,853 ","  37,891 ","  37,896 "
FRANKLIN DSB,199009,APALACHICOLA BAY CHARTER SCHOOL,"  228,279 ","  19,006 ","  19,005 ","  19,025 ","  19,027 "
GADSDEN DSB,209104,CROSSROAD ACADEMY,"  311,266 ","  25,915 ","  25,915 ","  25,941 ","  25,944 "
GLADES DSB,220056,"PEMAYETV EMAHAKV CHARTER ""OUR WAY SCHOOL""","  128,114 ","  10,666 ","  10,666 ","  10,677 ","  10,678 "
HERNANDO DSB,274422,GULF COAST ACADEMY OF SCIENCE AND TECHNOLOGY,"  121,349 ","  10,103 ","  10,103 ","  10,113 ","  10,114 "
HERNANDO DSB,274461,"BROOKSVILLE ENGINEERING, SCIENCE AND TECHNOLOGY (B.E.S.T.) ACADEMY","  71,472 ","  5,951 ","  5,950 ","  5,957 ","  5,957 "
HILLSBOROUGH DSB,296606,TERRACE COMMUNITY MIDDLE SCHOOL,"  338,371 ","  28,171 ","  28,171 ","  28,200 ","  28,203 "
HILLSBOROUGH DSB,296608,VILLAGE OF EXCELLENCE ACADEMY,"  155,920 ","  12,981 ","  12,981 ","  12,994 ","  12,996 "
HILLSBOROUGH DSB,296609,PEPIN ACADEMIES,"  506,436 ","  42,164 ","  42,164 ","  42,206 ","  42,211 "
HILLSBOROUGH DSB,296613,LEARNING GATE COMMUNITY SCHOOL,"  405,930 ","  33,796 ","  33,796 ","  33,830 ","  33,834 "
HILLSBOROUGH DSB,296615,RCMA WIMAUMA ACADEMY,"  144,193 ","  12,005 ","  12,005 ","  12,017 ","  12,018 "
HILLSBOROUGH DSB,296620,HORIZON CHARTER SCHOOL OF TAMPA,"  156,400 ","  13,021 ","  13,021 ","  13,034 ","  13,036 "
HILLSBOROUGH DSB,296621,LEGACY PREPARATORY ACADEMY,"  169,446 ","  14,107 ","  14,107 ","  14,122 ","  14,123 "
HILLSBOROUGH DSB,296623,WALTON ACADEMY,"  136,150 ","  11,335 ","  11,335 ","  11,347 ","  11,348 "
HILLSBOROUGH DSB,296624,TRINITY SCHOOL FOR CHILDREN,"  442,786 ","  36,865 ","  36,865 ","  36,902 ","  36,906 "
HILLSBOROUGH DSB,296625,LITERACY/LEADERSHIP/TECHNOLOGY ACADEMY,"  327,179 ","  27,240 ","  27,240 ","  27,267 ","  27,270 "
HILLSBOROUGH DSB,296626,KIDS COMMUNITY COLLEGE RIVERVIEW SOUTH,"  292,960 ","  24,391 ","  24,391 ","  24,415 ","  24,418 "
HILLSBOROUGH DSB,296634,BROOKS DEBARTOLO COLLEGIATE HIGH SCHOOL,"  303,470 ","  25,266 ","  25,266 ","  25,291 ","  25,294 "
HILLSBOROUGH DSB,296637,INDEPENDENCE ACADEMY,"  483,377 ","  40,244 ","  40,244 ","  40,285 ","  40,289 "
HILLSBOROUGH DSB,296639,FLORIDA AUTISM CHARTER SCHOOL OF EXCELLENCE,"  85,786 ","  7,142 ","  7,142 ","  7,150 ","  7,150 "
HILLSBOROUGH DSB,296643,COMMUNITY CHARTER SCHOOL OF EXCELLENCE,"  180,760 ","  15,049 ","  15,049 ","  15,065 ","  15,066 "
HILLSBOROUGH DSB,296644,ADVANTAGE ACADEMY OF HILLSBOROUGH,"  299,544 ","  24,939 ","  24,939 ","  24,964 ","  24,967 "
HILLSBOROUGH DSB,296646,SEMINOLE HEIGHTS CHARTER HIGH SCHOOL,"  135,096 ","  11,248 ","  11,248 ","  11,259 ","  11,260 "
HILLSBOROUGH DSB,296649,VALRICO LAKE ADVANTAGE ACADEMY,"  490,717 ","  40,855 ","  40,855 ","  40,896 ","  40,901 "
HILLSBOROUGH DSB,296652,CHANNELSIDE ACADEMY OF MATH AND SCIENCE,"  196,112 ","  16,327 ","  16,327 ","  16,344 ","  16,346 "
HILLSBOROUGH DSB,296653,WOODMONT CHARTER SCHOOL,"  468,576 ","  39,012 ","  39,012 ","  39,051 ","  39,056 "
HILLSBOROUGH DSB,296655,LUTZ PREPARATORY SCHOOL,"  402,563 ","  33,516 ","  33,516 ","  33,549 ","  33,554 "
HILLSBOROUGH DSB,296656,PIVOT CHARTER SCHOOL,"  134,807 ","  11,223 ","  11,223 ","  11,235 ","  11,236 "
HILLSBOROUGH DSB,296657,NEW SPRINGS SCHOOLS,"  297,036 ","  24,730 ","  24,730 ","  24,755 ","  24,758 "
HILLSBOROUGH DSB,296658,WINTHROP CHARTER SCHOOL,"  686,937 ","  57,192 ","  57,191 ","  57,249 ","  57,256 "
HILLSBOROUGH DSB,296659,WEST UNIVERSITY CHARTER HIGH,"  142,477 ","  11,862 ","  11,862 ","  11,874 ","  11,875 "
HILLSBOROUGH DSB,296661,BELL CREEK ACADEMY HIGH SCHOOL,"  227,517 ","  18,942 ","  18,942 ","  18,961 ","  18,964 "
HILLSBOROUGH DSB,296662,HENDERSON HAMMOCK CHARTER SCHOOL,"  737,941 ","  61,438 ","  61,438 ","  61,500 ","  61,507 "
HILLSBOROUGH DSB,296667,KIDS COMMUNITY COLLEGE CHARTER SCHOOL SOUTHEAST HILLSBOROUGH COUNTY,"  189,445 ","  15,772 ","  15,772 ","  15,788 ","  15,790 "
HILLSBOROUGH DSB,296668,BELL CREEK ACADEMY,"  335,134 ","  27,902 ","  27,902 ","  27,930 ","  27,933 "
HILLSBOROUGH DSB,296669,RCMA LEADERSHIP ACADEMY,"  72,416 ","  6,029 ","  6,029 ","  6,035 ","  6,036 "
HILLSBOROUGH DSB,296671,HILLSBOROUGH ACADEMY OF MATH AND SCIENCE,"  414,076 ","  34,474 ","  34,474 ","  34,509 ","  34,513 "
HILLSBOROUGH DSB,297672,FOCUS ACADEMY,"  70,444 ","  5,865 ","  5,865 ","  5,871 ","  5,871 "
HILLSBOROUGH DSB,297675,BRIDGEPREP ACADEMY OF TAMPA,"  224,839 ","  18,719 ","  18,719 ","  18,738 ","  18,740 "
HILLSBOROUGH DSB,297680,VILLAGE OF EXCELLENCE ACADEMY MIDDLE SCHOOL,"  71,899 ","  5,986 ","  5,986 ","  5,992 ","  5,993 "
HILLSBOROUGH DSB,297681,SUNLAKE ACADEMY OF MATH AND SCIENCES,"  440,392 ","  36,665 ","  36,665 ","  36,702 ","  36,707 "
HILLSBOROUGH DSB,297805,WATERSET CHARTER SCHOOL,"  501,594 ","  41,761 ","  41,761 ","  41,803 ","  41,808 "
HILLSBOROUGH DSB,297806,SOUTHSHORE CHARTER ACADEMY,"  592,696 ","  49,345 ","  49,345 ","  49,395 ","  49,401 "
HILLSBOROUGH DSB,297811,AVANT GARDE ACADEMY WESTCHASE,"  200,250 ","  16,672 ","  16,672 ","  16,689 ","  16,691 "
HILLSBOROUGH DSB,297812,BRIDGEPREP ACADEMY OF RIVERVIEW,"  458,675 ","  38,187 ","  38,187 ","  38,226 ","  38,231 "
HILLSBOROUGH DSB,297813,KIDS COMMUNITY COLLEGE CHARTER HIGH SCHOOL,"  86,494 ","  7,201 ","  7,201 ","  7,208 ","  7,209 "
HILLSBOROUGH DSB,297814,PLATO ACADEMY TAMPA CHARTER SCHOOL,"  61,057 ","  5,083 ","  5,083 ","  5,089 ","  5,089 "
HILLSBOROUGH DSB,297815,SPORTS LEADERSHIP AND MANAGEMENT ACADEMY (TAMPA),"  263,841 ","  21,966 ","  21,966 ","  21,989 ","  21,991 "
HILLSBOROUGH DSB,297816,EAST TAMPA ACADEMY,"  27,108 ",  -   ,  -   ,  -   ,"  3,012 "
HILLSBOROUGH DSB,297821,KIDS COMMUNITY COLLEGE SOUTHEAST MIDDLE CHARTER SCHOOL,"  100,329 ","  8,353 ","  8,353 ","  8,361 ","  8,362 "
HILLSBOROUGH DSB,297822,THE COLLABORATORY PREPARATORY ACADEMY,"  57,514 ","  4,788 ","  4,788 ","  4,793 ","  4,794 "
INDIAN RIVER DSB,315001,INDIAN RIVER CHARTER HIGH SCHOOL,"  341,087 ","  28,398 ","  28,397 ","  28,426 ","  28,430 "
INDIAN RIVER DSB,315002,ST. PETER'S ACADEMY,"  88,625 ","  7,379 ","  7,378 ","  7,386 ","  7,387 "
INDIAN RIVER DSB,315003,NORTH COUNTY CHARTER SCHOOL,"  175,496 ","  14,611 ","  14,611 ","  14,626 ","  14,628 "
INDIAN RIVER DSB,315005,SEBASTIAN CHARTER JUNIOR HIGH SCHOOL,"  135,898 ","  11,314 ","  11,314 ","  11,326 ","  11,327 "
INDIAN RIVER DSB,315006,IMAGINE AT SOUTH VERO,"  459,037 ","  38,218 ","  38,217 ","  38,256 ","  38,261 "
LAKE DSB,359028,ALTOONA SCHOOL,"  193,444 ","  16,105 ","  16,105 ","  16,122 ","  16,124 "
LAKE DSB,359031,IMAGINE SCHOOLS AT SOUTH LAKE,"  537,312 ","  44,734 ","  44,734 ","  44,780 ","  44,785 "
LAKE DSB,359041,PINECREST LAKES ACADEMY,"  304,447 ","  25,347 ","  25,347 ","  25,373 ","  25,376 "
LEE DSB,364100,THE ISLAND SCHOOL,"  31,033 ","  2,584 ","  2,584 ","  2,586 ","  2,587 "
LEE DSB,364102,BONITA SPRINGS CHARTER SCHOOL,"  671,172 ","  55,879 ","  55,879 ","  55,935 ","  55,942 "
LEE DSB,364103,GATEWAY CHARTER ELEMENTARY SCHOOL,"  544,745 ","  45,353 ","  45,353 ","  45,399 ","  45,404 "
LEE DSB,364111,CAPE CORAL CHARTER SCHOOL,"  300,346 ","  25,006 ","  25,006 ","  25,031 ","  25,034 "
LEE DSB,364121,GATEWAY CHARTER HIGH SCHOOL,"  268,134 ","  22,324 ","  22,324 ","  22,346 ","  22,349 "
LEE DSB,364141,SIX MILE CHARTER ACADEMY,"  478,790 ","  39,862 ","  39,862 ","  39,902 ","  39,907 "
LEE DSB,364143,OASIS CHARTER ELEMENTARY SCHOOL,"  443,371 ","  36,913 ","  36,913 ","  36,951 ","  36,955 "
LEE DSB,364151,CHRISTA MCAULIFFE CHARTER ELEMENTARY SCHOOL,"  385,619 ","  32,105 ","  32,105 ","  32,137 ","  32,141 "
LEE DSB,364155,FLORIDA SOUTHWESTERN COLLEGIATE HIGH SCHOOL,"  196,060 ","  16,323 ","  16,323 ","  16,340 ","  16,342 "
LEE DSB,364171,OASIS CHARTER MIDDLE SCHOOL,"  432,266 ","  35,989 ","  35,989 ","  36,025 ","  36,029 "
LEE DSB,364181,OASIS CHARTER HIGH SCHOOL,"  361,310 ","  30,081 ","  30,081 ","  30,112 ","  30,115 "
LEE DSB,364212,CITY OF PALMS CHARTER HIGH SCHOOL,"  67,677 ","  5,635 ","  5,634 ","  5,640 ","  5,641 "
LEE DSB,364223,PALM ACRES CHARTER HIGH SCHOOL,"  143,853 ","  11,977 ","  11,977 ","  11,989 ","  11,990 "
LEE DSB,364242,NORTH NICHOLAS HIGH SCHOOL,"  134,739 ","  11,218 ","  11,218 ","  11,229 ","  11,230 "
LEE DSB,364251,CORONADO HIGH SCHOOL,"  111,920 ","  9,318 ","  9,318 ","  9,327 ","  9,329 "
LEE DSB,364261,GATEWAY CHARTER INTERMEDIATE SCHOOL,"  454,005 ","  37,799 ","  37,799 ","  37,837 ","  37,841 "
LEE DSB,364274,ISLAND PARK HIGH SCHOOL,"  172,553 ","  14,366 ","  14,366 ","  14,381 ","  14,382 "
LEE DSB,364281,OAK CREEK CHARTER SCHOOL OF BONITA SPRINGS,"  318,319 ","  26,502 ","  26,502 ","  26,529 ","  26,532 "
LEE DSB,364302,DONNA J. BEASLEY TECHNICAL ACADEMY,"  82,589 ","  6,876 ","  6,876 ","  6,883 ","  6,884 "
LEE DSB,364303,NORTHERN PALMS CHARTER HIGH SCHOOL,"  69,012 ","  5,746 ","  5,746 ","  5,751 ","  5,752 "
LEE DSB,364304,HARLEM HEIGHTS COMMUNITY CHARTER SCHOOL,"  51,107 ","  4,255 ","  4,255 ","  4,259 ","  4,260 "
LEON DSB,371402,THE SCHOOL OF ARTS AND SCIENCE ON THOMASVILLE,"  231,955 ","  19,312 ","  19,312 ","  19,331 ","  19,333 "
LEON DSB,371425,TALLAHASSEE SCHOOL OF MATH & SCIENCE,"  216,185 ","  17,999 ","  17,999 ","  18,017 ","  18,019 "
LEON DSB,371441,GOVERNOR'S CHARTER SCHOOL,"  303,630 ","  25,279 ","  25,279 ","  25,305 ","  25,307 "
LEON DSB,371444,THE SCHOOL OF ARTS & SCIENCE CENTRE,"  158,754 ","  13,217 ","  13,217 ","  13,231 ","  13,232 "
LEVY DSB,380060,WHISPERING WINDS CHARTER SCHOOL,"  82,353 ","  6,856 ","  6,856 ","  6,863 ","  6,864 "
LEVY DSB,380062,NATURE COAST MIDDLE SCHOOL,"  64,727 ","  5,389 ","  5,389 ","  5,394 ","  5,395 "
MADISON DSB,400121,JAMES MADISON PREPARATORY HIGH SCHOOL,"  92,131 ","  7,671 ","  7,670 ","  7,678 ","  7,679 "
MADISON DSB,400122,MADISON CREATIVE ARTS ACADEMY INC,"  158,552 ","  13,200 ","  13,200 ","  13,214 ","  13,215 "
MANATEE DSB,412101,MANATEE SCHOOL OF ARTS/SCIENCES,"  109,326 ","  9,102 ","  9,102 ","  9,111 ","  9,112 "
MANATEE DSB,412102,TEAM SUCCESS A SCHOOL OF EXCELLENCE,"  501,206 ","  41,728 ","  41,728 ","  41,770 ","  41,776 "
MANATEE DSB,412104,MANATEE SCHOOL FOR THE ARTS,"  1,077,237 ","  89,686 ","  89,686 ","  89,777 ","  89,788 "
MANATEE DSB,412120,ROWLETT MIDDLE ACADEMY,"  258,503 ","  21,522 ","  21,522 ","  21,544 ","  21,546 "
MANATEE DSB,412121,MANATEE CHARTER SCHOOL,"  265,389 ","  22,095 ","  22,095 ","  22,118 ","  22,120 "
MANATEE DSB,412122,OASIS MIDDLE SCHOOL,"  75,287 ","  6,268 ","  6,268 ","  6,274 ","  6,275 "
MANATEE DSB,412123,IMAGINE CHARTER SCHOOL AT NORTH MANATEE,"  295,489 ","  24,601 ","  24,601 ","  24,626 ","  24,629 "
MANATEE DSB,412124,IMAGINE CHARTER AT LAKEWOOD RANCH,"  247,104 ","  20,573 ","  20,573 ","  20,594 ","  20,596 "
MANATEE DSB,412131,PALMETTO CHARTER SCHOOL,"  187,330 ","  15,596 ","  15,596 ","  15,612 ","  15,614 "
MANATEE DSB,412141,STATE COLLEGE OF FLORIDA COLLEGIATE SCHOOL,"  265,062 ","  22,068 ","  22,068 ","  22,090 ","  22,093 "
MANATEE DSB,412161,VISIBLE MEN ACADEMY,"  63,385 ","  5,277 ","  5,277 ","  5,283 ","  5,283 "
MARION DSB,429670,MARION CHARTER SCHOOL,"  140,133 ","  11,667 ","  11,667 ","  11,679 ","  11,680 "
MARION DSB,429680,MCINTOSH AREA SCHOOL,"  39,185 ","  3,262 ","  3,262 ","  3,266 ","  3,266 "
MARION DSB,429690,FRANCIS MARION MILITARY ACADEMY,"  80,065 ","  6,666 ","  6,666 ","  6,673 ","  6,673 "
MARION DSB,429695,OCALI CHARTER MIDDLE SCHOOL,"  90,448 ","  7,530 ","  7,530 ","  7,538 ","  7,539 "
MARTIN DSB,430400,CLARK ADVANCED LEARNING CENTER,"  125,776 ","  10,472 ","  10,472 ","  10,482 ","  10,483 "
MARTIN DSB,430410,THE HOPE CHARTER CENTER FOR AUTISM,"  21,988 ",  -   ,  -   ,"  2,199 ","  2,199 "
MONROE DSB,440341,SIGSBEE CHARTER SCHOOL,"  276,037 ","  22,982 ","  22,982 ","  23,005 ","  23,008 "
MONROE DSB,440371,TREASURE VILLAGE MONTESSORI CHARTER SCHOOL,"  102,336 ","  8,520 ","  8,520 ","  8,529 ","  8,530 "
MONROE DSB,440381,OCEAN STUDIES CHARTER,"  52,047 ","  4,333 ","  4,333 ","  4,338 ","  4,338 "
MONROE DSB,440382,SOMERSET ISLAND PREP,"  26,139 ","  2,176 ","  2,176 ","  2,178 ","  2,179 "
OKALOOSA DSB,469800,OKALOOSA ACADEMY,"  150,199 ","  12,505 ","  12,505 ","  12,518 ","  12,519 "
OKALOOSA DSB,469805,COLLEGIATE HIGH SCHOOL AT NORTHWEST FLORIDA STATE COLLEGE,"  144,204 ","  12,006 ","  12,006 ","  12,018 ","  12,019 "
OKALOOSA DSB,469807,LIZA JACKSON PREPARATORY SCHOOL,"  438,752 ","  36,529 ","  36,529 ","  36,565 ","  36,570 "
ORANGE DSB,480033,RENAISSANCE CHARTER SCHOOL AT GOLDENROD,"  716,709 ","  59,670 ","  59,670 ","  59,730 ","  59,738 "
ORANGE DSB,480040,PROSPERITAS LEADERSHIP ACADEMY CHARTER,"  87,422 ",  -   ,  -   ,"  8,741 ","  8,742 "
ORANGE DSB,480053,PASSPORT CHARTER,"  115,604 ","  9,625 ","  9,625 ","  9,634 ","  9,636 "
ORANGE DSB,480055,PRINCETON HOUSE CHARTER,"  90,849 ","  7,564 ","  7,564 ","  7,571 ","  7,572 "
ORANGE DSB,480056,LAKE EOLA CHARTER,"  106,851 ","  8,896 ","  8,896 ","  8,905 ","  8,906 "
ORANGE DSB,480061,HOPE CHARTER,"  225,371 ","  18,763 ","  18,763 ","  18,782 ","  18,785 "
ORANGE DSB,480062,NAP FORD COMMUNITY CHARTER,"  70,477 ","  5,868 ","  5,868 ","  5,873 ","  5,874 "
ORANGE DSB,480065,UCP DOWNTOWN CHARTER,"  104,328 ","  8,686 ","  8,686 ","  8,695 ","  8,696 "
ORANGE DSB,480068,UCP WEST ORANGE CHARTER,"  107,904 ","  8,984 ","  8,984 ","  8,993 ","  8,994 "
ORANGE DSB,480070,UCP PINE HILLS CHARTER,"  97,495 ","  8,117 ","  8,117 ","  8,125 ","  8,126 "
ORANGE DSB,480072,OAKLAND AVENUE CHARTER,"  277,547 ","  23,107 ","  23,107 ","  23,131 ","  23,134 "
ORANGE DSB,480074,WORKFORCE ADVANTAGE ACADEMY CHARTER,"  134,967 ","  11,237 ","  11,237 ","  11,248 ","  11,249 "
ORANGE DSB,480080,LEGENDS ACADEMY CHARTER,"  189,171 ","  15,750 ","  15,750 ","  15,765 ","  15,767 "
ORANGE DSB,480084,SHEELER HIGH CHARTER,"  134,026 ","  11,158 ","  11,158 ","  11,170 ","  11,171 "
ORANGE DSB,480085,CHANCERY HIGH CHARTER,"  198,103 ","  16,493 ","  16,493 ","  16,510 ","  16,512 "
ORANGE DSB,480089, ORLANDO SCIENCE MIDDLE HIGH CHARTER ,"  542,541 ","  45,170 ","  45,170 ","  45,215 ","  45,221 "
ORANGE DSB,480090,UCP EAST CHARTER,"  187,399 ","  15,602 ","  15,602 ","  15,618 ","  15,620 "
ORANGE DSB,480119,LEGACY HIGH CHARTER,"  111,046 ","  9,245 ","  9,245 ","  9,255 ","  9,256 "
ORANGE DSB,480120,ALOMA HIGH CHARTER,"  212,373 ","  17,681 ","  17,681 ","  17,699 ","  17,701 "
ORANGE DSB,480133,CORNERSTONE ACADEMY CHARTER,"  517,643 ","  43,097 ","  43,097 ","  43,140 ","  43,145 "
ORANGE DSB,480146,CORNERSTONE CHARTER ACADEMY HIGH SCHOOL,"  238,151 ","  19,828 ","  19,827 ","  19,847 ","  19,850 "
ORANGE DSB,480149,CENTRAL FLORIDA LEADERSHIP ACADEMY CHARTER,"  106,593 ","  8,874 ","  8,874 ","  8,884 ","  8,885 "
ORANGE DSB,480155,PINECREST PREPARATORY CHARTER,"  153,160 ","  12,751 ","  12,751 ","  12,764 ","  12,766 "
ORANGE DSB,480163,ASPIRE ACADEMY CHARTER,"  91,112 ","  7,586 ","  7,586 ","  7,593 ","  7,594 "
ORANGE DSB,480172,INNOVATION MONTESSORI OCOEE,"  313,918 ","  26,136 ","  26,135 ","  26,162 ","  26,165 "
ORANGE DSB,480177,ACCESS CHARTER,"  89,510 ","  7,452 ","  7,452 ","  7,460 ","  7,461 "
ORANGE DSB,480183,UCP TRANSITIONAL LEARNING ACADEMY HIGH CHARTER,"  64,716 ","  5,388 ","  5,388 ","  5,393 ","  5,394 "
ORANGE DSB,480185,RENAISSANCE CHARTER SCHOOL AT CHICKASAW TRAIL,"  703,197 ","  58,545 ","  58,545 ","  58,604 ","  58,611 "
ORANGE DSB,480200,ORLANDO SCIENCE ELEMENTARY CHARTER,"  364,796 ","  30,371 ","  30,371 ","  30,402 ","  30,406 "
ORANGE DSB,480202,SUNSHINE HIGH CHARTER,"  156,731 ","  13,049 ","  13,049 ","  13,062 ","  13,063 "
ORANGE DSB,480203,PINECREST CREEK CHARTER,"  69,475 ","  5,784 ","  5,784 ","  5,790 ","  5,791 "
ORANGE DSB,480204,RENAISSANCE CHARTER SCHOOL AT HUNTERS CREEK,"  631,264 ","  52,556 ","  52,556 ","  52,610 ","  52,616 "
ORANGE DSB,480206,ORANGE COUNTY PREPARATORY ACADEMY CHARTER,"  169,905 ","  14,146 ","  14,146 ","  14,160 ","  14,161 "
ORANGE DSB,481002,ECON RIVER HIGH CHARTER,"  171,754 ","  14,300 ","  14,299 ","  14,314 ","  14,316 "
ORANGE DSB,481003,LUCIOUS AND EMMA NIXON ACADEMY CHARTER,"  74,265 ","  6,183 ","  6,183 ","  6,189 ","  6,190 "
ORANGE DSB,481010,RENAISSANCE CHARTER AT CROWN POINT,"  522,349 ","  43,489 ","  43,489 ","  43,532 ","  43,538 "
OSCEOLA DSB,490149,RENAISSANCE CHARTER SCHOOL AT POINCIANA,"  440,966 ","  36,713 ","  36,713 ","  36,750 ","  36,754 "
OSCEOLA DSB,490152,FOUR CORNERS UPPER SCHOOL,"  559,754 ","  46,603 ","  46,603 ","  46,650 ","  46,655 "
OSCEOLA DSB,490155,AVANT GARDE ACADEMY,"  269,467 ",  -   ,  -   ,  -   ,"  29,941 "
OSCEOLA DSB,490162,ST. CLOUD PREPARATORY ACADEMY,"  271,734 ","  22,623 ","  22,623 ","  22,646 ","  22,649 "
OSCEOLA DSB,490163,MATER BRIGHTON LAKES,"  604,991 ","  50,369 ","  50,369 ","  50,420 ","  50,426 "
OSCEOLA DSB,490171,RENAISSANCE CHARTER SCHOOL AT TAPESTRY,"  724,244 ","  60,298 ","  60,297 ","  60,358 ","  60,366 "
OSCEOLA DSB,490181,OSCEOLA SCIENCE CHARTER SCHOOL,"  236,604 ","  19,699 ","  19,699 ","  19,719 ","  19,721 "
OSCEOLA DSB,490182,LINCOLN-MARTI CHARTER SCHOOLS(OSCEOLA CAMPUS),"  39,101 ",  -   ,  -   ,  -   ,"  4,345 "
OSCEOLA DSB,490185,MATER PALMS ACADEMY,"  350,858 ","  29,211 ","  29,211 ","  29,240 ","  29,244 "
OSCEOLA DSB,490191,RENAISSANCE CHARTER SCHOOL AT BOGGY CREEK,"  232,932 ","  19,393 ","  19,393 ","  19,413 ","  19,415 "
OSCEOLA DSB,490853,NEW DIMENSIONS HIGH SCHOOL,"  234,598 ","  19,532 ","  19,532 ","  19,551 ","  19,554 "
OSCEOLA DSB,490863,FOUR CORNERS CHARTER SCHOOL,"  505,550 ","  42,090 ","  42,090 ","  42,132 ","  42,138 "
OSCEOLA DSB,490866,KISSIMMEE CHARTER ACADEMY,"  402,087 ","  33,476 ","  33,476 ","  33,510 ","  33,514 "
OSCEOLA DSB,490881,P. M. WELLS CHARTER ACADEMY,"  443,129 ","  36,893 ","  36,893 ","  36,930 ","  36,935 "
OSCEOLA DSB,490900,UCP OSCEOLA CHARTER SCHOOL,"  128,437 ",  -   ,  -   ,"  12,843 ","  12,844 "
OSCEOLA DSB,490916,CANOE CREEK CHARTER ACADEMY,"  312,378 ","  26,007 ","  26,007 ","  26,034 ","  26,037 "
OSCEOLA DSB,490932,BELLALAGO CHARTER ACADEMY,"  751,284 ","  62,549 ","  62,549 ","  62,612 ","  62,619 "
OSCEOLA DSB,490959,MAIN STREET HIGH SCHOOL,"  172,682 ","  14,377 ","  14,377 ","  14,391 ","  14,393 "
PALM BEACH DSB,500664,ACADEMY FOR POSITIVE LEARNING,"  85,036 ","  7,080 ","  7,080 ","  7,087 ","  7,088 "
PALM BEACH DSB,502521,ED VENTURE CHARTER SCHOOL,"  47,797 ","  3,979 ","  3,979 ","  3,984 ","  3,984 "
PALM BEACH DSB,502531,POTENTIALS CHARTER SCHOOL,"  19,395 ",  -   ,  -   ,  -   ,"  2,155 "
PALM BEACH DSB,502791,THE LEARNING CENTER AT THE ELS CENTER OF EXCELLENCE,"  88,573 ","  7,374 ","  7,374 ","  7,382 ","  7,383 "
PALM BEACH DSB,502801,PALM BEACH MARITIME ACADEMY,"  459,441 ","  38,251 ","  38,251 ","  38,290 ","  38,294 "
PALM BEACH DSB,502911,WESTERN ACADEMY CHARTER SCHOOL,"  267,761 ","  22,293 ","  22,293 ","  22,315 ","  22,318 "
PALM BEACH DSB,502941,PALM BEACH SCHOOL FOR AUTISM,"  260,877 ","  21,720 ","  21,720 ","  21,741 ","  21,744 "
PALM BEACH DSB,503345,GULFSTREAM L.I.F.E. ACADEMY,"  45,922 ",  -   ,  -   ,  -   ,"  5,102 "
PALM BEACH DSB,503381,IMAGINE SCHOOLS CHANCELLOR CAMPUS,"  536,304 ","  44,650 ","  44,650 ","  44,696 ","  44,701 "
PALM BEACH DSB,503382,"GLADES ACADEMY, INC","  176,021 ","  14,655 ","  14,655 ","  14,670 ","  14,671 "
PALM BEACH DSB,503386,TOUSSAINT L'OUVERTURE HIGH,"  54,214 ","  4,514 ","  4,514 ","  4,518 ","  4,519 "
PALM BEACH DSB,503391,SEAGULL ACADEMY,"  25,602 ","  2,132 ","  2,131 ","  2,134 ","  2,134 "
PALM BEACH DSB,503394,"MONTESSORI ACADEMYOF EARLY ENRICHMENT, INC","  139,818 ","  11,641 ","  11,641 ","  11,652 ","  11,654 "
PALM BEACH DSB,503395,SOMERSET ACADEMY JFK CHARTER SCHOOL,"  270,275 ","  22,502 ","  22,502 ","  22,525 ","  22,527 "
PALM BEACH DSB,503396,G-STAR SCHOOL OF THE ARTS,"  432,840 ","  36,037 ","  36,036 ","  36,073 ","  36,077 "
PALM BEACH DSB,503398,EVERGLADES PREPARATORY ACADEMY,"  88,374 ","  7,358 ","  7,358 ","  7,365 ","  7,366 "
PALM BEACH DSB,503400,BELIEVERS ACADEMY,"  78,778 ","  6,559 ","  6,559 ","  6,565 ","  6,566 "
PALM BEACH DSB,503401,QUANTUM HIGH SCHOOL,"  176,158 ","  14,666 ","  14,666 ","  14,681 ","  14,683 "
PALM BEACH DSB,503413,SOMERSET ACADEMY BOCA EAST,"  184,656 ","  15,374 ","  15,374 ","  15,389 ","  15,391 "
PALM BEACH DSB,503421,WORTHINGTON HIGH SCHOOL,"  125,088 ","  10,414 ","  10,414 ","  10,425 ","  10,426 "
PALM BEACH DSB,503431,RENAISSANCE CHARTER SCHOOL AT WEST PALM BEACH,"  637,770 ","  53,098 ","  53,098 ","  53,152 ","  53,158 "
PALM BEACH DSB,503441,SOUTH TECH PREPARATORY ACADEMY,"  280,009 ","  23,312 ","  23,312 ","  23,336 ","  23,339 "
PALM BEACH DSB,503924,PALM BEACH MARITIME ACADEMY HIGH SCHOOL,"  93,533 ","  7,787 ","  7,787 ","  7,795 ","  7,796 "
PALM BEACH DSB,503941,BEN GAMLA-PALM BEACH,"  125,947 ","  10,486 ","  10,486 ","  10,496 ","  10,498 "
PALM BEACH DSB,503961,GARDENS SCHOOL OF TECHNOLOGY ARTS INC,"  184,257 ","  15,341 ","  15,340 ","  15,356 ","  15,358 "
PALM BEACH DSB,503971,MAVERICKS HIGH SCHOOL AT PALM SPRINGS,"  221,760 ","  18,463 ","  18,463 ","  18,481 ","  18,484 "
PALM BEACH DSB,504000,RENAISSANCE CHARTER SCHOOL AT PALMS WEST,"  294,051 ","  24,482 ","  24,481 ","  24,506 ","  24,509 "
PALM BEACH DSB,504001,RENAISSANCE CHARTER SCHOOL AT WELLINGTON,"  257,226 ","  21,416 ","  21,416 ","  21,437 ","  21,440 "
PALM BEACH DSB,504002,RENAISSANCE CHARTER SCHOOL AT SUMMIT,"  670,535 ","  55,826 ","  55,826 ","  55,882 ","  55,889 "
PALM BEACH DSB,504012,SOMERSET ACADEMY CANYONS MIDDLE SCHOOL,"  425,972 ","  35,465 ","  35,465 ","  35,500 ","  35,505 "
PALM BEACH DSB,504013,SOMERSET ACADEMY CANYONS HIGH SCHOOL,"  408,164 ","  33,982 ","  33,982 ","  34,016 ","  34,020 "
PALM BEACH DSB,504020,FRANKLIN ACADEMY - BOYNTON BEACH,"  684,858 ","  57,018 ","  57,018 ","  57,076 ","  57,083 "
PALM BEACH DSB,504021,FRANKLIN ACADEMY CHARTER C,"  342,183 ","  28,489 ","  28,489 ","  28,517 ","  28,521 "
PALM BEACH DSB,504041,SOMERSET ACADEMY BOCA MIDDLE SCHOOL,"  33,210 ","  2,765 ","  2,765 ","  2,768 ","  2,768 "
PALM BEACH DSB,504050,RENAISSANCE CHARTER SCHOOL AT CYPRESS,"  347,516 ","  28,933 ","  28,933 ","  28,962 ","  28,965 "
PALM BEACH DSB,504051,RENAISSANCE CHARTER SCHOOL AT CENTRAL PALM,"  564,830 ","  47,025 ","  47,025 ","  47,073 ","  47,079 "
PALM BEACH DSB,504061,FRANKLIN ACADEMY CHARTER D,"  186,016 ","  15,487 ","  15,487 ","  15,503 ","  15,504 "
PALM BEACH DSB,504080,UNIVERSITY PREPARATORY ACADEMY PALM BEACH,"  185,156 ","  15,415 ","  15,415 ","  15,431 ","  15,433 "
PALM BEACH DSB,504081,FLORIDA FUTURES ACADEMY NORTH CAMPUS,"  67,305 ","  5,604 ","  5,603 ","  5,609 ","  5,610 "
PALM BEACH DSB,504090,SPORTS LEADERSHIP AND MANAGEMENT (SLAM) MIDDLE SCHOOL PALM BEACH,"  142,712 ","  11,882 ","  11,882 ","  11,894 ","  11,895 "
PALM BEACH DSB,504091,SOMERSET ACADEMY LAKES,"  152,675 ","  12,711 ","  12,711 ","  12,724 ","  12,725 "
PALM BEACH DSB,504100,CONNECTIONS EDUCATION CENTER OF THE PALM BEACHES,"  41,390 ","  3,446 ","  3,446 ","  3,449 ","  3,450 "
PALM BEACH DSB,504102,BRIDGEPREP ACADEMY OF PALM BEACH,"  150,933 ","  12,566 ","  12,566 ","  12,579 ","  12,580 "
PASCO DSB,514301,DAYSPRING ACADEMY,"  398,239 ","  33,156 ","  33,156 ","  33,189 ","  33,193 "
PASCO DSB,514302,ACADEMY AT THE FARM,"  304,391 ","  25,342 ","  25,342 ","  25,368 ","  25,371 "
PASCO DSB,514307,COUNTRYSIDE MONTESSORI ACADEMY,"  176,923 ","  14,730 ","  14,730 ","  14,745 ","  14,746 "
PASCO DSB,514321,ATHENIAN ACADEMY OF TECHNOLOGY AND THE ARTS,"  186,228 ","  15,505 ","  15,505 ","  15,520 ","  15,522 "
PASCO DSB,514323,IMAGINE SCHOOL AT LAND O' LAKES,"  413,471 ","  34,424 ","  34,424 ","  34,459 ","  34,463 "
PASCO DSB,514326,CLASSICAL PREPARATORY SCHOOL,"  429,613 ","  35,768 ","  35,768 ","  35,804 ","  35,808 "
PASCO DSB,514327,LEARNING LODGE ACADEMY,"  140,475 ","  11,695 ","  11,695 ","  11,707 ","  11,709 "
PASCO DSB,514328,PEPIN ACADEMIES OF PASCO COUNTY,"  206,297 ","  17,175 ","  17,175 ","  17,193 ","  17,195 "
PASCO DSB,514329,PLATO ACADEMY TRINITY CHARTER SCHOOL,"  134,419 ","  11,191 ","  11,191 ","  11,202 ","  11,204 "
PINELLAS DSB,527131,ACADEMIE DA VINCI CHARTER SCHOOL,"  183,792 ","  15,302 ","  15,302 ","  15,317 ","  15,319 "
PINELLAS DSB,527151,ATHENIAN ACADEMY,"  262,739 ","  21,875 ","  21,875 ","  21,897 ","  21,899 "
PINELLAS DSB,527171,PINELLAS PREPARATORY ACADEMY,"  224,072 ","  18,655 ","  18,655 ","  18,674 ","  18,676 "
PINELLAS DSB,527181,PLATO ACADEMY CLEARWATER,"  246,969 ","  20,562 ","  20,562 ","  20,582 ","  20,585 "
PINELLAS DSB,527191,ST. PETERSBURG COLLEGIATE HIGH SCHOOL,"  123,867 ","  10,313 ","  10,313 ","  10,323 ","  10,324 "
PINELLAS DSB,527201,ALFRED ADLER ELEMENTARY SCHOOL,"  57,876 ","  4,819 ","  4,818 ","  4,823 ","  4,824 "
PINELLAS DSB,527271,PINELLAS PRIMARY ACADEMY,"  167,582 ","  13,952 ","  13,952 ","  13,966 ","  13,968 "
PINELLAS DSB,527281,PLATO ACADEMY PALM HARBOR CHARTER SCHOOL,"  187,262 ","  15,591 ","  15,591 ","  15,606 ","  15,608 "
PINELLAS DSB,527291,PINELLAS ACADEMY OF MATH AND SCIENCE,"  417,324 ","  34,745 ","  34,745 ","  34,780 ","  34,784 "
PINELLAS DSB,527331,DISCOVERY ACADEMY OF SCIENCE,"  237,210 ","  19,749 ","  19,749 ","  19,769 ","  19,771 "
PINELLAS DSB,527381,PLATO ACADEMY LARGO CHARTER SCHOOL,"  186,838 ","  15,555 ","  15,555 ","  15,571 ","  15,573 "
PINELLAS DSB,527481,PLATO SEMINOLE,"  188,069 ","  15,658 ","  15,658 ","  15,674 ","  15,675 "
PINELLAS DSB,527491,PINELLAS MYCROSCHOOL OF INTEGRATED ACADEMICS AND TECHNOLOGIES (MYCROSCHOOL PINELLAS),"  101,969 ",  -   ,  -   ,"  10,196 ","  10,197 "
PINELLAS DSB,527581,PLATO ACADEMY CHARTER SCHOOL TARPON SPRINGS,"  186,854 ","  15,557 ","  15,557 ","  15,572 ","  15,574 "
PINELLAS DSB,527681,PLATO ACADEMY OF ST.PETERSBURG,"  197,586 ","  16,450 ","  16,450 ","  16,467 ","  16,469 "
PINELLAS DSB,527731,ENTERPRISE CHARTER HIGH SCHOOL,"  249,834 ","  20,800 ","  20,800 ","  20,821 ","  20,824 "
PINELLAS DSB,527781,PLATO ACADEMY PINELLAS PARK CHARTER SCHOOL,"  224,967 ","  18,730 ","  18,730 ","  18,749 ","  18,751 "
POLK DSB,530441,RIDGEVIEW GLOBAL STUDIES ACADEMY,"  206,684 ","  17,208 ","  17,208 ","  17,225 ","  17,227 "
POLK DSB,531601,BOK ACADEMY,"  310,799 ","  25,876 ","  25,876 ","  25,902 ","  25,905 "
POLK DSB,531621,EDWARD W BOK ACADEMY NORTH,"  104,255 ",  -   ,  -   ,  -   ,"  11,584 "
POLK DSB,531682,MCKEEL ELEMENTARY ACADEMY,"  303,149 ","  25,239 ","  25,239 ","  25,264 ","  25,267 "
POLK DSB,531692,SOUTH MCKEEL ACADEMY,"  616,917 ","  51,362 ","  51,362 ","  51,414 ","  51,420 "
POLK DSB,538002,POLK PRE-COLLEGIATE ACADEMY,"  61,776 ","  5,143 ","  5,143 ","  5,148 ","  5,149 "
POLK DSB,538003,POLK STATE LAKELAND GATEWAY TO COLLEGE CHARTER HIGH SCHOOL,"  119,078 ","  9,914 ","  9,914 ","  9,924 ","  9,925 "
POLK DSB,538005,MAGNOLIA MONTESSORI ACADEMY,"  51,204 ","  4,263 ","  4,263 ","  4,267 ","  4,268 "
POLK DSB,538121,HARTRIDGE ACADEMY,"  110,803 ","  9,225 ","  9,225 ","  9,234 ","  9,235 "
POLK DSB,538131,POLK STATE COLLEGE COLLEGIATE HIGH SCHOOL,"  166,191 ","  13,836 ","  13,836 ","  13,850 ","  13,852 "
POLK DSB,538133,CHAIN OF LAKES COLLEGIATE HIGH,"  160,398 ","  13,354 ","  13,354 ","  13,368 ","  13,369 "
POLK DSB,538140,LAKELAND MONTESSORI MIDDLE SCHOOL,"  31,105 ","  2,590 ","  2,590 ","  2,592 ","  2,593 "
POLK DSB,538141,LAKELAND MONTESSORI SCHOOL HOUSE,"  59,986 ","  4,994 ","  4,994 ","  4,999 ","  5,000 "
POLK DSB,538142,BERKLEY ACCELERATED MIDDLE SCHOOL,"  246,794 ","  20,547 ","  20,547 ","  20,568 ","  20,570 "
POLK DSB,538143,VICTORY RIDGE ACADEMY,"  197,687 ","  16,459 ","  16,459 ","  16,475 ","  16,477 "
POLK DSB,538171,CYPRESS JUNCTION MONTESSORI,"  97,955 ","  8,155 ","  8,155 ","  8,164 ","  8,165 "
POLK DSB,538181,DISCOVERY HIGH SCHOOL,"  432,875 ","  36,039 ","  36,039 ","  36,076 ","  36,080 "
PUTNAM DSB,540051,THE CHILDREN'S READING CENTER,"  127,741 ","  10,635 ","  10,635 ","  10,646 ","  10,647 "
PUTNAM DSB,540061,PUTNAM ACADEMY OF ARTS AND SCIENCES,"  126,969 ","  10,571 ","  10,571 ","  10,582 ","  10,583 "
ST. JOHNS DSB ,550012,ST. AUGUSTINE PUBLIC MONTESSORI SCHOOL (SAPMS),"  68,986 ","  5,744 ","  5,743 ","  5,749 ","  5,750 "
ST. JOHNS DSB ,550071,THERAPEUTIC LEARNING CENTER,"  10,887 ",  -   ,  -   ,  -   ,"  1,210 "
ST. JOHNS DSB ,550072,ST. JOHNS COMMUNITY CAMPUS,"  25,880 ",  -   ,  -   ,  -   ,"  2,876 "
ST. LUCIE DSB,560703,SOMERSET ACADEMY ST. LUCIE,"  241,642 ","  20,118 ","  20,118 ","  20,138 ","  20,141 "
ST. LUCIE DSB,560711,RENAISSANCE CHARTER SCHOOL OF ST. LUCIE,"  662,070 ","  55,121 ","  55,121 ","  55,177 ","  55,183 "
ST. LUCIE DSB,560712,SOMERSET COLLEGE PREPARATORY ACADEMY,"  434,444 ","  36,170 ","  36,170 ","  36,206 ","  36,211 "
ST. LUCIE DSB,560721,RENAISSANCE CHARTER SCHOOL AT TRADITION,"  590,125 ","  49,131 ","  49,131 ","  49,181 ","  49,187 "
SANTA ROSA DSB,578001,LEARNING ACADEMY OF SANTA ROSA,"  104,666 ","  8,714 ","  8,714 ","  8,723 ","  8,724 "
SANTA ROSA DSB,578003,CAPSTONE ACADEMY MILTON CHARTER SCHOOL,"  8,094 ",  -   ,  -   ,  -   ,  899 
SARASOTA DSB,580074,SARASOTA MILITARY ACADEMY,"  694,013 ","  57,781 ","  57,781 ","  57,839 ","  57,846 "
SARASOTA DSB,580081,SUNCOAST SCHOOL FOR INNOVATIVE STUDIES,"  225,544 ","  18,778 ","  18,778 ","  18,797 ","  18,799 "
SARASOTA DSB,580083,SARASOTA SCHOOL OF ARTS/SCIENCES,"  387,253 ","  32,241 ","  32,241 ","  32,274 ","  32,277 "
SARASOTA DSB,580090,ISLAND VILLAGE MONTESSORI SCHOOL,"  340,616 ","  28,358 ","  28,358 ","  28,387 ","  28,390 "
SARASOTA DSB,580100,SARASOTA SUNCOAST ACADEMY,"  343,026 ","  28,559 ","  28,559 ","  28,588 ","  28,591 "
SARASOTA DSB,580102,STUDENT LEADERSHIP ACADEMY,"  132,319 ","  11,016 ","  11,016 ","  11,028 ","  11,029 "
SARASOTA DSB,580103,IMAGINE SCHOOL AT NORTH PORT,"  609,671 ","  50,759 ","  50,759 ","  50,810 ","  50,816 "
SARASOTA DSB,580106,IMAGINE SCHOOL AT PALMER RANCH,"  258,886 ","  21,554 ","  21,554 ","  21,576 ","  21,578 "
SARASOTA DSB,580110,SKY ACADEMY VENICE,"  85,351 ","  7,106 ","  7,106 ","  7,113 ","  7,114 "
SARASOTA DSB,580113,SARASOTA ACADEMY OF THE ARTS,"  117,289 ","  9,765 ","  9,765 ","  9,775 ","  9,776 "
SARASOTA DSB,580117,SKY ACADEMY ENGLEWOOD,"  142,829 ","  11,891 ","  11,891 ","  11,903 ","  11,905 "
SEMINOLE DSB,599229,CHOICES IN LEARNING CHARTER,"  357,922 ","  29,799 ","  29,799 ","  29,829 ","  29,833 "
SEMINOLE DSB,599233,GALILEO SCHOOL FOR GIFTED LEARNING,"  302,229 ","  25,162 ","  25,162 ","  25,188 ","  25,191 "
SEMINOLE DSB,599236,SEMINOLE SCIENCE CHARTER SCHOOL,"  263,593 ","  21,946 ","  21,946 ","  21,968 ","  21,970 "
SUMTER DSB,602001,VILLAGES CHARTER SCHOOL,"  1,645,324 ","  136,983 ","  136,983 ","  137,121 ","  137,137 "
VOLUSIA DSB,646891,THE READING EDGE ACADEMY,"  150,494 ","  12,530 ","  12,529 ","  12,542 ","  12,544 "
VOLUSIA DSB,647621,IVY HAWN CHARTER SCHOOL OF THE ARTS,"  489,486 ","  40,753 ","  40,753 ","  40,794 ","  40,798 "
VOLUSIA DSB,647631,BURNS SCIENCE AND TECHNOLOGY CHARTER SCHOOL,"  232,808 ","  19,383 ","  19,383 ","  19,402 ","  19,404 "
VOLUSIA DSB,647841,THE CHILES ACADEMY,"  77,137 ",  -   ,  -   ,"  7,713 ","  7,714 "
VOLUSIA DSB,647951,SAMSULA ACADEMY,"  124,886 ","  10,398 ","  10,397 ","  10,408 ","  10,409 "
WAKULLA DSB,650005,WAKULLA COAST CHARTER SCHOOL OF ARTS SCIENCE & TECHNOLOGY,"  90,693 ","  7,551 ","  7,551 ","  7,558 ","  7,559 "
WALTON DSB,661110,SEASIDE NEIGHBORHOOD SCHOOL,"  180,813 ","  15,054 ","  15,054 ","  15,069 ","  15,071 "
WALTON DSB,661111,"WALTON ACADEMY, INC.","  114,466 ","  9,530 ","  9,530 ","  9,540 ","  9,541 "
FAU LAB STL,710020,FAU/SLCSD PALM POINTE EDUCATIONAL RESEARCH SCHOOL @ TRADITION,"  727,487 ","  60,568 ","  60,567 ","  60,629 ","  60,636 "
FSU LAB BRWD,720351,THE PEMBROKE PINES FLORIDA,"  360,901 ","  30,047 ","  30,047 ","  30,078 ","  30,081 "
FSU LAB LEON,730341,FLORIDA STATE UNIVERSITY SCHOOL,"  891,438 ","  74,217 ","  74,217 ","  74,292 ","  74,301 "